winter,model,worst_week_start,worst_week_wh_per_day,min_battery_wh_nominal,empty_days_nominal,min_battery_wh_worst case,empty_days_worst case
2014-2015,conservative,2014-12-17,58.2,163,0,44,0
2014-2015,tilted,2014-12-17,94.2,189,0,142,0
2015-2016,conservative,2015-11-25,51.2,149,0,41,0
2015-2016,tilted,2015-11-25,85.6,199,0,143,0
2016-2017,conservative,2016-11-03,52.1,189,0,57,0
2016-2017,tilted,2016-12-03,87.2,205,0,193,0
2017-2018,conservative,2017-12-25,48.9,151,0,1,0
2017-2018,tilted,2017-12-25,79.2,183,0,133,0
2018-2019,conservative,2019-02-05,69.7,154,0,79,0
2018-2019,tilted,2019-02-05,97.5,182,0,137,0
2019-2020,conservative,2020-01-10,84.3,175,0,123,0
2019-2020,tilted,2020-02-07,141.4,198,0,165,0
2020-2021,conservative,2021-01-18,53.5,155,0,6,0
2020-2021,tilted,2021-02-08,88.0,185,0,135,0
2021-2022,conservative,2021-12-14,95.2,184,0,134,0
2021-2022,tilted,2022-02-20,150.4,205,0,181,0
2022-2023,conservative,2022-12-06,57.3,129,0,4,0
2022-2023,tilted,2022-12-06,92.8,187,0,98,0
2023-2024,conservative,2024-01-21,61.5,182,0,79,0
2023-2024,tilted,2024-01-21,104.7,197,0,172,0
2024-2025,conservative,2024-12-22,69.9,153,0,68,0
2024-2025,tilted,2024-12-22,113.2,201,0,135,0
